,site,ref_to_about
0,http://www.agroplazma.com,http://www.agroplazma.com/about
1,https://nanosemantics.ai/,-
2,http://ro-met.com,http://ro-met.com/o-kompanii
3,https://www.2can.ru,https://www.2can.ru/about/
4,http://www.uchi.ru,-
5,http://cdnvideo.ru,http://cdnvideo.ru/about/
6,http://www.ufdcom.ru,http://www.ufdcom.ru/o_kompanii
7,https://www.teplofon.ru,https://www.teplofon.ru/about/
8,https://tgtdiagnostics.com/,-
9,https://www.streamlabs.ru/,https://www.streamlabs.ru//company/
10,https://www.permrecycle.ru,-
11,http://www.ngt-group.ru,-
12,https://t8.ru,https://t8.ru/?page_id=3144
13,http://monolum.ru,-
14,http://2etechnologies.com/,http://2etechnologies.com//about
15,https://www.masstags.com,-
16,http://www.ngit.ru,http://www.ngit.ru/ru/o-kompanii/
17,http://www.helgilab.ru,-
18,http://www.rustec-msk.com,-
19,https://relap.io,-
20,https://innotoplivo.ru,https://innotoplivo.ru/about/
21,http://www.pharmenterprises.ru,-
22,https://www.infowatch.ru,-
23,http://www.tion.info,http://www.tion.info/about/
24,https://www.quantenna.com/,-
25,https://www.tgtoil.com,-
26,http://www.aitnc.ru/,-
27,http://www.mphtech.pro/,-
28,https://geomera3D.com,https://geomera3d.com/about-us/
29,https://www.flocktory.com/,-
30,https://tevian.ru/,-
31,http://pltm.org/,http://pltm.org/pltm-about/
32,http://modernseismic.com,-
33,https://ivideon.com,-
34,http://www.pultrusion.ru/,-
35,http://gvtek.ru,http://gvtek.ru/?q=company
36,http://www.stcgeo.ru,https://www.stcgeo.ru
37,https://www.geosplit.ru/,https://www.geosplit.ru//about-the-company
38,https://www.goodsforecast.ru,-
39,https://wallarm.ru,-
40,https://www.antiplagiat.ru,-
41,http://bigprinter.ru,http://bigprinter.ru/about
42,https://www.viriom.ru,-
43,https://doubledata.ru/,-
44,https://www.synthaur.com,-
45,https://iss.ru,-
46,https://www.integra-s.com,https://www.integra-s.com/o-kompanii/
47,http://www.wormholes.ru,http://www.wormholes.ru/#about
48,https://tau.group/,-
49,http://www.polyceramoplast.ru,http://www.polyceramoplast.ru/company
50,https://www.travelline.ru,-
51,https://www.nnmd.ru/,-
52,https://k50.ru,-
53,https://onlinepatent.ru/,https://onlinepatent.ru/company/
54,https://tgtdiagnostics.com/,-
55,https://www.qligent.ru,-
56,http://www.rvision.ru,-
57,http://db.softline.ru/,-
58,https://anotherpoint.ru,https://anotherpoint.ru//ingate.ru/company/
59,https://iss.digital/,https://iss.digital/about/
60,https://wisesoil.org/,-
61,http://ite34.ru,-
62,http://diamant-sk.ru,-
63,https://supercam.aero/,https://supercam.aero//about/
64,http://www.smartcat.com,https://www.smartcat.com/about-us/
65,https://www.novas-energy.ru,-
66,https://dm-matrix.com/,-
67,https://forumshop.ru,https://forumshop.ru/about/
68,https://dostavista.ru,https://dostavista.ru/about
69,http://www.rscgroup.ru,http://www.rscgroup.ru/about/
70,http://www.catapulto.ru,http://www.catapulto.ru/about/
71,https://Sipuni.com,-
72,http://www.greenbiotech-agro.ru,-
73,https://advtechnology.ru/,https://advtechnology.ru//about.html
74,https://www.aviaspecmash.ru,https://www.aviaspecmash.ru/about/
75,http://www.nebo-global.ru,-
76,http://cityair.io,http://cityair.io/ru/about
77,https://www.kbmetrotek.ru/,-
78,http://basa.pro,-
79,https://www.manzanagroup.ru,-
80,https://eticket4.ru/,https://eticket4.ru//info/about
81,https://www.rgtekh.ru,https://www.rgtekh.ru/about/
82,http://www.vdktech.ru/,http://www.vdktech.ru//about.html
83,https://www.vitte-inno.ru,https://www.vitte-inno.ru/about
84,https://big3.ru,-
85,https://g-r-t.ru,-
86,http://bio-v-company.ru,-
87,http://www.neftesintez.net,-
88,http://geotar-rnd.ru,-
89,https://abanking.ru/,-
90,https://rerooms.ru,-
91,https://skyeng.ru,-
92,https://helyx-systems.com,-
93,https://divisionlabs.com,https://divisionlabs.com/o-kompanii/
94,https://gb.ru/,-
95,https://pimsolutions.ru,-
96,http://nika-rd.we-on.com/,-
97,https://www.banki.ru/credit-master,-
98,https://pharmmarket.ru,-
99,https://fescom.tech,-
100,https://www.ledinnovations.ru,-
101,http://www.drugsafety.ru,-
102,http://www.shtormtech.ru/,-
103,http://ems.insyte.cloud,-
104,https://www.regeus.ru,-
105,http://enrollme.ru,-
106,https://sk-shd.ru,-
107,http://normotim.ru,-
108,https://www.moedelo.org/,https://www.moedelo.org//company/o-kompanii
109,https://www.miratorg.ru,-
110,https://www.jcat.ru,-
111,https://vbankcenter.ru/,-
112,http://innovaplus.ru/,https://innovaplus.ru:443/about/
113,https://www.buffersystem.ru,-
114,https://algom.ru,-
115,https://www.red-soft.ru,-
116,http://soft-avtomatik.ru/,http://soft-avtomatik.ru//index.php
117,https://sravni-labs.ru/,-
118,https://www.performance-lab.ru/,-
119,http://srg-it.ru,-
120,https://www.iseo.ru/,https://www.iseo.ru/o-nas/
121,https://www.arm-sk.ru,-
122,http://labs.i-neti.ru,-
123,http://nafta.college/ru/,http://nafta.college/ru//ru/about/
124,http://www.mediatoday.ru,-
125,http://roadwim.ru,-
126,https://www.doctis.ru/,-
127,http://www.reocat.ru,-
128,https://www.virtusystems.ru,https://www.virtusystems.ru/about/
129,https://dmtreg.ru/,https://dmtreg.ru//o-kompanii/
130,https://brandquad.io/ru/,-
131,http://xn--e1aahrdah6ad1a.xn--p1ai/ru/,-
132,https://webiomed.ai,https://webiomed.ai/o-kompanii/
133,https://umbrellait.ru/,-
134,https://maximumeducation.com,https://maximumeducation.com/company
135,https://owox.ru,-
136,http://zwaveme.ru,-
137,http://iqnergy.com,-
138,https://www.nemo.travel/,https://www.nemo.travel//company/developers.html
139,http://www.puzzle-english.com,http://www.puzzle-english.com/aboutus
140,https://beyondviolet.com,-
141,http://www.rubetek.com,http://www.rubetek.com/about/
142,https://teko.io/,https://teko.io//about
143,http://pravoved.ru/,-
144,http://www.genesistp.ru,-
145,http://www.cloudtechlab.ru,-
146,https://lorett.org,-
147,http://www.aoiot.ru/,-
148,http://radinteh.ru,-
149,http://www.apertura.su,-
150,http://microlaser.su/,-
151,https://hflabs.ru/,https://hflabs.ru//about/
152,http://www.eltecom.ru,http://www.eltecom.ru/company/index.php
153,http://reinnolc.com/,-
154,https://www.naftamatika.com,https://www.naftamatika.com/about-us
155,https://www.ruchems.ru,https://www.ruchems.ru/o_kompanii
156,https://insokbm.com/,-
157,http://www.milaboratory.com,-
158,https://roistat.com/ru/,-
159,https://www.i-tor.ru,https://www.i-tor.ru/about/
160,http://techvision.aero/,-
161,http://www.dsol.ru,https://dsol.ru/company/
162,https://webinar.ru,-
163,https://www.amocrm.ru/,-
164,http://www.babkee.ru,-
165,https://CITYADS.com,https://CITYADS.com/main/about
166,https://www.cniilot.ru,-
167,https://www.msdecisions.ru,-
168,http://www.grouplb.com,-
169,http://ipc-pilot.com/,-
170,https://seadrone.aero/,-
171,https://tirphotonics.com,-
172,http://liis.su/,-
173,http://www.technodiasoft.ru/,http://www.technodiasoft.ru//#about
174,http://www.iphar.ru/proton-2/,-
175,http://vnh-energo.ru,http://vnh-energo.ru/vnh-energo/
176,https://kribrum.ru,https://kribrum.ru/company/
177,http://www.aerounion.ru,-
178,http://ubic.tech,https://ubic.tech/?page_id=58
179,https://checkmedia.ru,-
180,https://videointellect.com/,-
181,http://www.ap-spb.com,http://www.ap-spb.com/company/index.php
182,http://chemrar.ru,-
183,https://www.securityvision.ru/,-
184,http://neurotrend.ru/,http://neurotrend.ru//o-kompanii/
185,http://www.npozp.ru,-
186,http://www.cursir.com/,https://cursir.com/about/#about-us
187,https://probiomech.ru/,-
188,http://pcg-bc.ru/,http://pcg-bc.ru//aboutus.html
189,http://www.geo-lab.ru,-
190,https://mobility.hyundai.ru,-
191,http://www.co-ms.ru,-
192,http://www.tekvel.com,-
193,http://ecostream.tech,http://ecostream.tech/#technology
194,http://www.fokon.net,http://www.fokon.net/about/
195,http://pmt.ru,-
196,http://playstand.ru/,-
197,https://mmtpro.ru/,https://mmtpro.ru//about
198,https://anyclass.com/ru,-
199,http://www.skq.one,-
200,https://www.everpoint.ru,-
201,https://www.intechsv.ru,-
202,https://mvsystem.ru,-
203,http://www.habilect.com,-
204,https://neuroassist.tech,-
205,https://energo-development.com/,-
206,https://www.4blind.com,http://4blind.com/about-company-en
207,https://skblab.ru,-
208,https://biofoodlab.com,-
209,https://www.ipax-russia.com,https://www.ipax-russia.com/about/
210,https://sign.me,-
211,http://www.unistem.ru,https://www.unistem.ru/company
212,https://uts24.ru/,-
213,https://www.wellink.ru,https://www.wellink.ru/content/Company
214,https://homeapp.ru/,-
215,https://qlean.ru,-
216,https://mielta.ru/,-
217,https://interneturok.ru/,-
218,https://tota.systems/,-
219,http://www.regagro.ru,-
220,https://www.spe-uranus.com,https://spe-uranus.com/industriya40npouranrossiya10/
221,https://htmlacademy.ru/,-
222,https://thor-avas.ru/,-
223,https://flussonic.ru/,https://flussonic.ru/
224,http://www.elma-bpm.ru,-
225,http://www.angtel.ru,http://www.angtel.ru/about/
226,https://stormwall.pro,-
227,https://bronevik.com/,-
228,http://www.neuro.net/ru,https://neuro.net/ru/company/
229,https://www.mst.ru.com,https://www.mst.ru.com/company/index.php
230,http://kbra.ru/,-
231,https://level.travel,-
232,https://youdo.ru,-
233,https://www.oilsakura.ru/,-
234,http://www.mars-sk.ru,-
235,https://ru.coex.tech,-
236,https://www.rdp.ru,-
237,https://www.group-ib.ru/,-
238,https://www.winnum.io,https://www.winnum.io/about/
239,https://inleksys.ru,-
240,https://www.airnanny.ru,https://atmeex.com/ru/o-kompanii/
241,https://www.safe-tech.ru,https://www.safe-tech.ru/#
242,https://smitek-robotics.com/,https://smitek-robotics.com/about/
243,https://плекс.рф/,-
244,https://www.genotek.ru/med/,-
245,http://chemrar.ru/kromis/,-
246,https://sputnik.systems/,https://sputnik.systems/about/
247,http://promtechpskov.ru,http://promtechpskov.ru/about/
248,https://oitt.su,-
249,http://www.ntc.mzta.ru,-
250,http://3d-smile.ru,-
251,http://ecolight.ru,http://ecolight.ru/about/
252,https://seismotech.ru/,-
253,https://petroboost.ru,-
254,http://www.verimag.ru/,-
255,http://smartairkey.com/,http://smartairkey.com//#about-company
256,https://www.kvzrm.ru,https://www.kvzrm.ru/company/index.php
257,http://terebra.ru/,http://terebra.ru//about
258,https://u.to/uLhDHA,-
259,http://rusteletech.ru,-
260,http://www.monocrystal.com,http://www.monocrystal.com/about-us/
261,https://merusoft.ru,-
262,https://cm.expert/,-
263,http://tpms-eva.com,-
264,https://cloning.tech,-
265,http://avtodoria.ru,https://avtodoria.ru/category/company/
266,https://www.areopag-spb.ru,https://www.areopag-spb.ru/about/about/
267,http://pyroliz.ru,http://pyroliz.ru/o-kompanii.html
268,http://oil-avtomatika.ru/,-
269,https://autospot.ru,-
270,https://www.npprdt.ru,-
271,https://konnektu.ai,-
272,https://www.i-brain.tech,-
273,https://www.just-ai.com,-
274,http://www.iconlab.ru,http://www.iconlab.ru/#about_anchor
275,https://a-3.ru,-
276,https://park-it.ru,-
277,https://lar.tech,-
278,https://real-trac.com/ru/,-
279,http://www.sofoil.ru/,-
280,https://kinesis.ru,-
281,https://mobi-corp.ru/,https://mobi-corp.ru//about/
282,http://sonar-penza.ru/,http://sonar-penza.ru//index/o-kompanii
283,https://cardsmobile.ru/,-
284,http://rdc-sg.com,-
285,http://zetscan.ru/,http://zetscan.ru//ru
286,http://myocard.ru,-
287,http://www.iteco-inno.ru,-
288,http://www.innovacia.ru,-
289,https://www.knomics.ru,-
290,http://www.videomatrix.ru,-
291,https://www.geoscan.aero,-
292,https://www.yaklass.ru/,-
293,https://www.bitrix24.ru,-
294,https://syntez-project.ru/,-
295,https://digitrans.ru,https://digitrans.ru/about-us/
296,http://cubo.ru,-
297,http://www.rmtltd.ru,-
298,https://www.biochefarm.ru/,https://www.biochefarm.ru//#
299,http://www.lhit.ru,-
300,https://www.ifellow.ru,https://www.ifellow.ru/about-us
301,https://www.fodj.ru,-
302,https://cislinketp.com,-
303,https://gcfors.ru,-
304,https://cherdak.io/,-
305,https://awg.ru,https://awg.ru/about/
306,https://cyberprotect.ru/,https://cyberprotect.ru//about/
307,http://www.avtoros.info,http://www.avtoros.info/about_company/
308,https://hello-park.io/ru,-
309,https://sammybeauty.ru/,-
310,https://www.optimetrik.ru,https://www.optimetrik.ru/company/
311,https://zebrains.team/,-
312,https://www.eduson.tv,-
313,https://cleverence.ru,https://cleverence.ru//www.cleverence.ru/about/
314,https://ruscontrol.com/,https://ruscontrol.com/about
315,http://yablochkovtech.com,-
316,https://bimlib.ru,-
317,https://www.isen.ru,https://www.isen.ru/company/
318,http://www.cognitivepilot.com/,-
319,http://www.i-mt.net,-
320,http://www.medikraft.ru,http://www.medikraft.ru/company.htm
321,https://egeturbo.ru/,-
322,https://www.it-uk.ru/,https://www.it-uk.ru/?page_id=10
323,http://www.mehget.ru,-
324,https://www.t1-group.ru,-
325,https://www.cbonds.ru,-
326,https://ibsapptest.ru/,-
327,https://zenmobile.ru/,-
328,http://medianation.ru/,-
329,http://www.coandco.ru,-
330,http://www.nppatp.com,-
331,http://www.inme.technology,http://www.inme.technology/#plus
332,https://webium.ru,-
333,https://tetrika-school.ru/,-
334,http://www.enameru.com,http://www.enameru.com/about
335,https://share-tech.io,-
336,https://fixar.aero/,https://fixar.pro/about-company/
337,https://smartlifecare.ru,-
338,https://www.workle.ru/,-
339,https://www.staffcop.ru/,https://www.staffcop.ru//about
340,http://potok.digital/,-
341,https://7gis.ru,https://7gis.ru/company/
342,https://eggheads.solutions/,-
343,http://mt-r.ru,http://mt-r.ru/company/?
344,http://rts-iot.ru,-
345,https://kubotechnologies.com,https://kubotechnologies.com/o-kompanii
346,http://promsnabpkf.ru,-
347,https://legionfarm.com/,-
348,http://www.energonica.ru/,-
349,http://start.ru/,-
350,https://maltsystem.ru/,-
351,https://контролит.рф,-
352,http://polyn.ai/,-
353,http://kvantron.com/,-
354,https://ntprogress.com/,-
355,https://maynitek.ru,-
356,https://www.comagic.ru/,https://www.comagic.ru//about/
357,http://www.onsint.ru/,-
358,http://labphs.com/,https://labphs.com/about/
359,https://www.yclients.com/,https://www.yclients.com//ru/info/about
360,http://gyrolab.ru/,http://gyrolab.ru//
361,https://www.it-one.ru/,-
362,http://ev-tech.me/ru/,-
363,https://uniteller.ru,https://uniteller.ru/about/
364,https://www.newinfosec.ru/,https://www.newinfosec.ru//about-us
365,http://www.svetlana-rost.ru,-
366,http://snegirsoft.ru/,-
367,https://www.caterwil.ru,https://caterwil.ru/o-kompanii/
368,https://waviot.ru,https://waviot.ru/about/
369,https://www.calltouch.ru/,https://www.calltouch.ru//#
370,https://monttechnology.com/,https://monttechnology.com//./index.html#about
371,https://www.oktanta-ndt.ru,-
372,http://www.peerss.ru/,http://www.peerss.ru//about/
373,https://norgau.com/,-
374,http://www.rtsoft.ru/,http://www.rtsoft.ru//javascript:;
375,https://bestplace.pro,-
376,http://преград.рус,http://преград.рус/o-kompanii
377,https://www.intelpribor.ru,-
378,https://www.pso-gk.com,-
379,https://edgecenter.ru,https://edgecenter.ru/about/
380,https://CyberLympha.ru,https://cyberlympha.ru/company/
381,http://www.wondercvd.ru,-
382,https://Lossew.com,https://lossew.com/o-nas/
383,https://planta.bio,-
384,https://mightybuildings.com,-
385,https://medsolutions.ru,-
386,https://ecommpay.com/ru/,-
387,http://radlogics.ru/,-
388,https://WWW.CSAT.RU,-
389,https://ml-1.com/,-
390,https://trinity-sk.ru/,https://trinity-sk.ru//#about
391,https://skillbox.ru/,-
392,https://modumlab.com,-
393,https://bim-info.ru,https://bim-info.ru/about/
394,https://msu24.ru/,-
395,https://wirebank.ru,-
396,http://www.megapolis-it.ru,-
397,https://likecentre.ru/,-
398,http://geo-dinamika.ru,http://geo-dinamika.ru/#about
399,https://rigintelpro.ru/,-
400,https://englex.ru,-
401,http://unicom24.ru,http://unicom24.ru/about-company
402,http://medvr.ru/,-
403,http://svetoforgroup.ru,http://svetoforgroup.ru/ru/about
404,https://www.advanta-group.ru/,-
405,https://www.hypertech-lasers.de,-
406,https://www.ipro-gsm.ru,https://www.ipro-gsm.ru/o-nas
407,https://www.stark-group.ru/,-
408,http://www.axelmwd.com,-
409,https://www.stark-group.ru/,-
410,https://www.platformaofd.ru,https://platformaofd.ru/about/
411,http://intelligentideas.ru/,-
412,https://npfort.ru,-
413,https://units.bz/,-
414,http://fenix-bg.ru/,-
415,https://sberhealth.ru,-
416,http://ingate-digital.ru,-
417,https://www.mnppsaturn.ru,-
418,https://basis.center/,-
419,https://ecospectrum.ru/,https://ecospectrum.ru//o-kompanii/
420,http://airo.ru/,http://airo.ru//about
421,https://retailrocket.ru/,-
422,https://rosdomofon.com/,https://rosdomofon.com//about/
423,https://geonaft.ai/,-
424,https://www.sofoil.ru,-
425,https://tcb.ooo,https://tcb.ooo/about-us/
426,https://fisgroup.ru/,-
427,http://www.rfsaw.ru,-
428,http://www.ruselprom.ru,http://www.ruselprom.ru/about/
429,http://www.bioamid.com,-
430,https://www.carbonteh.ru,-
431,https://genetico.ru,-
432,https://www.intechnology.ru/,https://www.intechnology.ru//about/
433,http://www.inwave.ru,http://www.inwave.ru/about/
434,https://www.geostar-navi.com,-
435,https://www.usergate.com/,-
436,http://reenter.ru,-
437,https://deliver.ru/,-
438,https://fonmix.ru/,-
439,https://sape.ru,-
440,https://cloudfactory.ru/,https://cloudfactory.ru/%d0%ba%d0%be%d0%bc%d0%bf%d0%b0%d0%bd%d0%b8%d1%8f/
441,https://tvil.ru/,-
442,https://www.t-soft.ru,https://www.t-soft.ru/about/
443,http://fog-stream.com,-
444,https://sshvps.net/ru,-
445,http://russintegral.org/,-
446,http://rutas.group,-
447,http://www.banki.ru/microloans/,-
448,http://firstdata.io,-
449,https://indrive-tech.com/,-
450,https://mokka.ru/,-
451,http://www.pmt-group.ru,http://www.pmt-group.ru/aboutcompany/
452,https://empl.ai/,-
453,https://technologies.geodevice.ru,-
454,https://www.m-line.expert,https://www.m-line.expert/about-company
455,https://www.geosoft.ru,-
456,https://www.gemsdev.ru,-
457,http://www.insystem.io,-
458,http://kontrolpribor.ru,-
459,https://www.kodland.org/,-
460,https://sdc.yandex.com,-
461,http://www.bair.world,-
462,https://hyperad.tech/,-
463,https://a-bt.ru,-
464,http://Innoholding.ru,-
465,https://www.lotus1.org,-
466,https://edpro.ru,-
467,http://www.oilgns.com/,-
468,https://npo-its.ru/,-
469,https://gost-group.com,https://gost-group.ru/about/
470,http://gopractice.ru/,-
471,http://edplatformskyeng.ru/,http://edplatformskyeng.ru//#
472,http://LEXICOM.ai,-
473,http://www.ekassir.com,-
474,https://connect.education-erp.com/#HowItWorks,-
475,https://www.websoft.ru/,-
476,http://www.ktbbeton.com,-
477,http://e-queo.com,-
478,https://www.mirapolis.ru,-
479,https://movicomelectric.com/,https://movicomelectric.com//company/
480,https://zdorovie.ru/,-
481,http://www.linantec.com,-
482,https://agents.finuslugi.ru/,-
483,https://korolan.com,-
484,http://ametko.ru/,-
485,https://www.angiofarm.com,https://www.angiofarm.com/o-kompanii
486,http://vetbirki.ru/,-
487,https://orbita.center/,-
488,https://www.tehnosk.ru,https://www.tehnosk.ru/o-kompanii.html
489,https://algoritmika.org/coding,-
490,https://www.doma.uchi.ru/,-
491,https://pin-progin.ru,-
492,https://www.datana.ru,https://www.datana.ru/about/
493,http://ast-pump.ru/,http://ast-pump.ru/kompania/
494,https://findata.su,-
495,https://www.ptc-vector.ru,https://www.ptc-vector.ru/company/
496,https://briskly.online,-
497,http://subteh.com/,http://subteh.com//about/
498,https://sberhealth.ru,-
499,https://www.sodislab.com/ru,https://www.sodislab.com/ru/about
500,https://www.medlinesoft.ru,-
501,https://www.gbooking.ru,-
502,https://br-analytics.ru,-
503,http://profi.ru,-
504,http://www.glorient.ru/,-
505,http://www.ilform.ru/,-
506,https://docplus.ru,https://docplus.ru/about/
507,http://dassembly.ru/,-
508,http://www.thermoelectrika.com/,http://www.thermoelectrika.com//o-kompanii
509,http://efferon.com,-
510,https://appline-innovation.ru/,-
511,https://avantis3d-soft.ru,-
512,https://www.mobin.pro,-
513,http://www.berizaryad.ru,-
514,https://promo-bot.ru/,-
515,http://cdti.ru/,-
516,http://www.agmsys.ru,-
517,https://www.alphaopen.com,https://www.alphaopen.com/about/
518,https://www.moysklad.ru/,-
519,https://zvonobot.ru/,-
520,https://sendpulse.com,-
521,http://smartcontext.ru/,-
522,http://lec-online.ru/,-
523,http://www.liv-teh.ru,http://www.liv-teh.ru/javascript:void(0);
524,https://rit-it.com,-
525,http://findmykids.org/,-
526,http://zoon.ru/,-
527,https://cpahub.ru/,-
528,https://www.moedelo.org/,https://www.moedelo.org//company/o-kompanii
529,http://dent-it.ru,-
530,http://itworks.group/products/hospital/,-
531,http://www.traceair.ru/,-
532,http://www.diasoft.ru,http://www.diasoft.ru/about/profile/
533,https://www.knopka.com,-
534,http://www.oncobox.com,-
535,https://ipoteka.center/,-
536,http://altey.ru,-
537,https://aisales.online/,-
538,https://mpicloud.com/ru/,-
539,https://workshop.zen.car/,https://workshop.zen.car//about-company
540,https://innodata.ru/,-
541,https://kazanexpress.ru/about,-
542,https://www.moneta.ru/,-
543,https://www.icl.ru/,https://www.icl.ru//company/
544,https://icl-techno.ru/,-
545,https://www.group-ib.ru/,-
546,https://iva-tech.ru,https://iva-tech.ru/about/
547,https://myoffice.ru/,https://myoffice.ru//#
548,https://reell-engineering.ru/about/,https://reell-engineering.ru/about//about/
549,https://redmadrobot.ru/,-
550,https://searchinform-integration.ru/,-
551,https://infomatika.ru/,https://infomatika.ru//about-the-company/
552,https://www.prog16.ru/,https://www.prog16.ru//company/index.php
553,https://pharmmedpolis.com/,-
554,https://evotech-mg.com/,-
555,https://etton.ru/,-
556,https://www.coskunoz.ru/ru/,-
557,https://dental-pro.online/,-
558,https://innostage-group.ru,https://innostage-group.ru/company/index.php
559,https://orlanm.ru/,-
560,https://www.portavitahealth.ru/,-
561,http://www.truckinstock.com,http://www.truckinstock.com/company/
562,https://www.icl.ru/,https://www.icl.ru//company/
563,http://www.i-teco.ru/,-
564,https://www.bpium.ru/,-
565,https://briogroup.ru/,https://briogroup.ru/about/
566,https://icl-services.com/,https://icl-services.com//company/about/
567,http://innogeotech.ru/,http://innogeotech.ru/about/
568,https://yorso.com/ru,https://yorso.com/ru/about
569,https://www.infowatch.ru/,-
570,https://www.x5.ru/ru,-
571,https://lemontg.ru,-
572,http://www.roadar.ru/,http://roadar.ru/about_us/
573,https://leads.su/,-
574,https://tgtdiagnostics.com/ru/#,-
575,https://abivee.com/,https://abivee.com//#about_us
576,https://ur-li.ru/,-
577,https://ooogr.com/,-
578,https://innokassa.ru/,-
579,https://mircod.com/,-
580,https://womanup.online/,-
581,https://dinamika.app/,-
582,https://videocontrol.tb.ru/,-
583,https://www.myte.me/,-
584,https://tatismed.ru/,https://tatismed.ru//#about
585,http://muscles.ai/,-
586,https://videoforce.ru/,-
587,http://atlas-asutp.ru/,http://atlas-asutp.ru/about/
588,https://3side.org/,https://3side.org//about
589,https://www.botto.ru/,-
590,https://numpass.com/,-
591,https://neft.expert/,-
592,http://getscam.com/,-
593,https://vlagere.ru/,https://vlagere.ru//about/
594,https://hive.aero/,-
595,https://abiroy.com/,-
596,http://cyberprotect.ru/,http://cyberprotect.ru//about/
597,https://onh-it.ru/,https://onh-it.ru//about.html
598,https://taxnet.ru/,https://taxnet.ru//company/
599,https://www.atomdata.ru,-
600,https://huntmap.ru/,-
601,http://www.tpidea.ru/,-
602,https://nc-dubna.ru/,-
603,https://repeptide.ru/,-
604,https://smartprotectivecoating.ru/,-
605,https://zntc.ru/,-
606,https://mirpis.ru/,https://mirpis.ru/about/
607,http://ellarga.ru/,-
608,https://gyronav.ru/ru,https://gyronav.ru/ru/ru/about
609,http://innps.ru/,http://innps.ru//about/
610,https://nanort.ru/,-
611,https://tk-biotech.ru/,https://tk-biotech.ru//about-us.html
612,https://лембе.рф/,-
613,https://гибкие-датчики.рф/,-
614,https://elementpro-fab.ru/,https://elementpro-fab.ru//
615,https://tk-biotech.ru/,https://tk-biotech.ru//about-us.html
616,https://www.steelsun.su/,https://www.steelsun.su//about
617,https://svetcom.com/,-
618,https://tk-biotech.ru/,https://tk-biotech.ru//about-us.html
619,https://mynanoochistka.ru/ru/,-
620,https://tk-biotech.ru/,https://tk-biotech.ru//about-us.html
621,https://fors-rm.ru/,-
622,http://nano4.ru/,-
623,https://tk-fa.ru/,-
624,https://cnnrm.ru/,-
625,http://elsic.pro/,-
626,https://www.nccrussia.com/,-
627,https://pozvonoq.com/,-
628,https://tt-arctic.ru/,-
629,http://cmlatmed.ru/,-
630,https://tkfm.org/,-
631,https://remed-service.com/,-
632,http://nwttc.ru/,-
633,https://tkfm.org/,-
634,https://tkfm.org/,-
635,https://tkfm.org/,-
636,https://www.baikalelectronics.ru/,-
637,https://www.t-nano.com/,-
638,https://www.vestas.com/en,-
639,https://dreamwood.su/,-
640,http://www.rugadget.ru/,http://www.rugadget.ru//about/
641,http://monostone.pro/ ,http://monostone.pro/about-us/
642,https://www.testgen.ru/,-
643,http://metalcompozit.ru/,-
644,http://materialab.ru/,-
645,https://sygma.ru/,-
646,http://fablite.ru/,http://fablite.ru//company/
647,http://artek-braiding.ru/,-
648,https://visionix.ru/,-
649,https://zdravprint.ru/,-
650,https://zdravprint.ru/,-
651,https://liteco-in.ru/,-
652,https://contractmedic.ru/,-
653,http://www.tenfab.ru/,-
654,http://delta-grup.ru/,-
655,http://zapod.ru/,-
656,http://www.splavy.ru/,-
657,http://www.bazis.vrn.ru,-
658,http://tenergy.ssoft24.com/,http://tenergy.ssoft24.com//about/
659,http://centeranalit.ru/,-
660,http://smarttech76.ru/,-
661,http://www.nanosized-powders.com,http://www.nanosized-powders.com/about/
662,http://hvisor.ru,-
663,http://kenaz.me,-
664,http://genesis-tavrida.ru/,-
665,http://www.safib.ru,-
666,http://www.splavy.ru/,-
667,http://www.bplab.ru/,http://www.bplab.ru//o-kompanii
668,http://innovation-tech.ru/biostatika,-
669,https://kalk.pro/,-
670,http://www.innovation-tech.ru/ooo-stin,-
671,http://rosizolit.ru,http://rosizolit.ru/about/
672,http://www.epital.ru/,http://www.epital.ru//contuct/about.html
673,http://www.izh-rusimport.ru/,https://izh-rusimport.ru/o-kompanii/
674,http://innovation-tech.ru/npo-atom,-
675,http://www.cdnm.ru/,-
676,http://www.arcoplastica.ru/,http://arcoplastica.ru/company/
677,http://www.intechmedia.ru/,-
678,http://tarkus.su,-
679,http://innovation-tech.ru/it-uchet,-
680,http://www.sysavt.ru,-
681,http://tehnomash76.ru/,-
682,http://www.m12systems.ru/,-
683,http://innovation-tech.ru/diskus,-
684,http://marlinbiotech.com/,-
685,http://spasenie.online/,-
686,http://priborservice.su/,-
687,http://innovation-tech.ru/nanoarm,-
688,http://ipc-pilot.com/,-
689,https://digitrans.ru,https://digitrans.ru/about-us/
690,http://smartbimcity.ru/,http://smartbimcity.ru//#company
691,http://mestech.ru/,http://mestech.ru//#team
692, http://li-mt.ru,-
693,http://tb-composites.com/,http://tb-composites.com/about/
694,http://innovation-tech.ru/smart-armatura,-
695,http://2etechnologies.com/,http://2etechnologies.com//about
696,http://skyglass.ru,http://skyglass.ru/o-kompanii
697,http://innovation-tech.ru/skilain,-
698,http://vppit.ru/,http://vppit.ru/o-kompanii/
699,http://cell-systems.ru/,-
700,http://biomed76.ru/ ,-
701,http://ashmanov.net,-
702,http://www.adviserdog.com/,-
703,http://vnh-energo.ru,http://vnh-energo.ru/vnh-energo/
704,http://ref-med.ru/,http://ref-med.ru//#main
705,http://klever-ltd.ru/,-
706,http://temper.ru/,http://temper.ru//page/about
707,https://www.sawtechno.ru,-
708,https://ipro-gsm.ru,https://ipro-gsm.ru/o-nas
709,http://www.severhimprom.com,http://www.severhimprom.com/o-kompanii.html
710,http://www.uralalmazinvest.ru/,-
711,http://www.vidiguide.ru/,-
712,http://innovation-tech.ru/algoritm,-
713,http://uniscan-research.com/,-
714,http://energomash76.ru,-
715,https://streletz.spb.ru/,-
716,http://techwb.ru/,-
717,https://runcall.ru,-
718,http://skytracking.ru/,-
719,http://ekodrev-tver.ru,http://ekodrev-tver.ru/o-zavode/
720,http://www.gyrolab.ru/,http://www.gyrolab.ru//
721,https://www.movicom.tv/en/,-
722,http://www.rosteleservice.ru/,-
723,http://rosizolit.ru,http://rosizolit.ru/about/
724,http://innovation-tech.ru/npo-atom,-
725,http://ame-info.ru/,http://ame-info.ru//about/
726,https://npk-ptm.ru/,https://npk-ptm.ru/about-company/
727,http://www.iridiummobile.ru/,-
728,http://alm163.ru,-
729,http://innovation-tech.ru/splav-arm,-
730,http://ininco.ru/,https://ininco.ru/o-kompanii/
731,http://www.sensor-rpg.ru,-
732,https://unisteam.com/,-
733,http://www.umprf.ru/,http://www.umprf.ru//#about
734,https://www.madin.ru/,https://www.madin.ru//about/
735,http://innovation-tech.ru/reomed,-
736,http://innovation-tech.ru/yarschlif,-
737,https://physlab.ru/,-
738,https://cvcode.ru,-
739,https://lakeevsn.ru/,-
740,http://www.bazis.vrn.ru,-
741,http://www.promtehsnab2014.ru/,http://www.promtehsnab2014.ru//rus/about
742,https://www.masterklein.ru/,-
743,https://dm-matrix.com/,-
744,https://www.express-eco.ru/,https://www.express-eco.ru//company/
745,http://www.geosplit.ru,http://www.geosplit.ru/about-the-company
746,http://1с-ижтиси.рф,-
747,http://www.pilaint.ru,http://www.pilaint.ru/o-kompanii.aspx
748,http://www.tehohrana.ru,-
749,http://www.absoftsite.com/,http://www.absoftsite.com/company/
750,https://itmonitoring.pro,https://itmonitoring.pro/about-us/
751,https://mvsystem.ru,-
752,http://izometica.ru/,http://izometica.ru//about/about-company/
753,http://soft-comp.ru,-
754,http://aerogas.ru/,http://aerogas.ru//about.html
755,http://zntc.ru/,-
756,https://vizorlabs.com/,https://vizorlabs.com//company/
757,http://kor4-yaroslavl.ru/,-
758,http://rusgumus.ru/,-
759,http://www.timesavingmachine.ru/,http://www.timesavingmachine.ru//about/
760,http://wfsys.ru,http://wfsys.ru/about/
761,http://innovation-tech.ru/it-uchet,-
762,https://avk.agency/,-
763,http://ooo-tin.ru/,http://ooo-tin.ru//#about
764,http://www.sskgroup.ru,-
765,http://www.pgmk.ru,http://www.pgmk.ru/
766,http://www.nponorth.ru/,http://www.nponorth.ru//o-nas/chto-my-delaem
767,http://www.zao-vip.ru/,-
768,http://innovation-tech.ru/sintez-in,-
769,http://reinnolc.com/,-
770,https://induction.pro/,-
771,https://mzpm.net/,https://mzpm.net//o-kompanii/
772,https://scout-gps.ru/,-
773,http://bionovatic.ru,https://bionovatic.ru/about
774,http://diakon-ds.ru,-
775,http://www.ckb-orbita.ru/,-
776,http://emtc.ru,-
777,http://innovation-tech.ru/lymen-in,-
778,http://egls.pro,-
779,https://pravo-ros.ru/,https://pravo-ros.ru/moscow/about
780,http://embedika.ru,-
781,https://onlinepatent.ru,https://onlinepatent.ru/company/
782,https://bongo.life/,https://bongo.life//#about_s1
783,https://mntlab.com/,-
784,http://ashmanov.net,-
785,https://romansergeev.com,-
786,http://hammel.su,https://hammel.su/about/
787,http://muscles.ai/,-
788,http://zapod.ru/,-
789,http://npphortum.com/,-
790,http://sibexpo.org/,-
791,https://ipro-gsm.ru,https://ipro-gsm.ru/o-nas
792,http://avtoklav66.ru/,-
793,http://www.granatbio.ru,-
794,http://lookout.ssoft24.com/,-
795,https://ecospectrum.ru/,https://ecospectrum.ru//o-kompanii/
796,https://www.vinteo.com/,https://www.vinteo.com//ru/about-us
797,http://yaroksiteh.ru/,-
798,http://innovation-tech.ru/biostatika,-
799,https://geophystech.ru,-
800,https://cdo-global.ru/,-
801,https://neicon.ru/,-
802,http://temper.ru/,http://temper.ru//page/about
803,https://sovateh.pulscen.ru,https://sovateh.pulscen.ru/about
804,http://innovation-tech.ru/algoritm,-
805,http://www.epital.ru/,http://www.epital.ru//contuct/about.html
806,http://www.biointegrator.com/,http://www.biointegrator.com//o-kompanii/
807,http://donenergomash.ru,-
808,http://уралец.рф,-
809,http://www.envegroup.com/,-
810,http://foresight-fund.ru/,http://foresight-fund.ru/team
811,http://www.ltc.ru,-
812,https://ozforensics.com/,https://ozforensics.com//company_about
813,http://www.seisjet.ru/,http://www.seisjet.ru//about.html
814,https://pharma-se.ru/,https://pharma-se.ru//about/
815,https://rospuskonaladka.wixsite.com/centr,-
816,http://www.eemkzn.ru/,http://www.eemkzn.ru//about
817,http://www.tinform.ru/,http://www.tinform.ru//about/
818,https://cpztomsk.ru/,-
819,http://agromehanika.ru/,-
820,https://www.fbrush.ru/,-
821,http://stsystems-spb.ru/,http://stsystems-spb.ru/o-kompanii/
822,https://www.piter.com/,https://www.piter.com//page/o-kompanii
823,http://www.ntcbakor.ru/,http://www.ntcbakor.ru//about/
824,https://tpk36.ru/,https://tpk36.ru/about_us
825,https://way2wei.ru/,-
826,http://www.itinsamara.ru/,-
827,https://vc-k.ru/,-
828,http://innovation-tech.ru/diskus,-
829,https://www.tomskasu.ru/,https://www.tomskasu.ru//about/
830,http://neuro.ssoft24.com/,-
831,https://totsystems.ru/,-
832,https://expospace.online/,-
833,https://techprom.net/,-
834, https://www.cleverence.ru, https://www.cleverence.ru//www.cleverence.ru/about/
835,http://cib46.ru/,-
836,https://optecs-npp.ru/,https://optecs-npp.ru/o-kompanii/
837,https://www.ptz60.com/,-
838,https://www.rirpro.ru/,-
839,http://agrodozor.ru/,-
840,https://runavia.com/,-
841,http://mp-lab.ru/ru/,-
842,http://intemsys.ru/,-
843,https://lab-code.com,-
844,https://www.polyairpack.ru/,https://www.polyairpack.ru//about
845,https://www.pln.one,-
846,https://picvar.io/,-
847,http://pltm.org/,http://pltm.org/pltm-about/
848,http://itdcenter.ru/,http://itdcenter.ru//index.html#1
849,https://mircond.com/,-
850,http://clix.band/,-
851,http://evachem.ru/,http://evachem.ru//o_kompanii/
852,https://tctech.com.ru,-
853,https://iv-armatura.ru/,https://iv-armatura.ru//o-kompanii
854,http://neonmetro.ru/,-
855,https://praqti.com/,-
856,https://www.gamma-tech.ru/,-
857,https://sherparpa.ru/,https://sherparpa.ru/o-kompanii/
858,http://armatech2016.ru/,http://armatech2016.ru/%d0%be-%d0%ba%d0%be%d0%bc%d0%bf%d0%b0%d0%bd%d0%b8%d0%b8/
859,https://www.emiia.ai,-
860,https://ulaser.ru/,https://ulaser.ru//about/about-company/
861,https://pospeta.ru/,https://pospeta.ru/about/
862,http://a-bio.ru/,http://a-bio.ru//about/
863,http://pg-elcom.ru/,https://briswik.ru/proizvodstvo-knopok-briswik/
864,http://greenbar.online/,-
865,http://zavodagromig.ru/,-
866,http://www.insolar.ru,-
867,http://zevs-48.ru/,-
868,https://kortekh.ru/,-
869,http://vsuhare.ru/,-
870,https://www.dtprom.ru/,-
871,https://unichimtek.com/,https://unichimtek.com//about/?block=a_about
872,https://ast-58.ru/,-
873,https://npotelecom.ru,-
874,https://18ets.ru/,-
875,https://isomaxrus.ru/,https://isomaxrus.ru//kompaniya/o-kompanii/
876,https://inchronicles.com/,-
877,https://zavodpem.ru/,-
878,http://www.split-k.com/,-
879,https://arkon3d.ru/stroitelnyj-3d-printer/,-
880,https://www.xredgroup.com/,-
881,http://pecrus.pulscen.ru/,https://pecrus.pulscen.ru/about
882,https://runibor.com/,-
883,https://ivan-pole.ru/,-
884,http://krasdorznak.ru/,http://krasdorznak.ru//about/
885,https://merlinface.com,-
886,http://sputnik.systems/,https://sputnik.systems/about/
887,https://www.sphera.site/,-
888,https://dsight.ru/,https://dsight.ru//company/
889,https://aivok.com/,-
890,http://beepitron.com/electric-production/,-
891,http://beepitron.com/electric-production/,-
892,https://omexpro.ru,https://omexpro.ru/company/
893,https://focus.bi/main/,-
894,http://ht-rs.ru,-
895,https://abacuskids.ru/,-
896,https://ростин.рф/,-
897,https://sauri.io/,-
898,https://ten-lab.ru,https://ten-lab.ru/#1
899,https://russ-35.ru,-
900,http://www.intechmedia.ru/,-
901,http://xn--80ashrack3g.xn--p1ai/,-
902,https://www.ergolight.ru/,-
903,http://www.tehprispro.ru/,-
904,http://www.medkom-npf.ru/,http://www.medkom-npf.ru//o-kompanii
905,https://kelvin-in.ru/,-
906,http://www.rsvco.ru/,http://www.rsvco.ru//#sec-f917
907,http://hydrobiotech.ru//,-
908,https://deltard.ru/,https://deltard.ru//about.html
909,https://bnovo.ru,https://bnovo.ru/o-nas/
910,https://izhdrill.ru,-
911,http://koalecenter.ru,-
912,https://lasercom.tb.ru/,-
913,https://integrationlab.ru,-
914,https://ieidp.ru/,-
915,https://www.zditd.ru,-
916,https://cyber-training.ru,-
917,http://www.nt-geo.ru/,http://www.nt-geo.ru//company/
918,http://itdcenter.ru/,http://itdcenter.ru//index.html#1
919,https://konoplektika.ru/,-
920,http://1Lay.com,-
921,https://www.tyumnt.ru/,https://www.tyumnt.ru//about/
922,https://kristallnails.ru/,https://kristallnails.ru/o-kompanii
923,https://cityair.io/,https://cityair.io//ru/about
924,https://it-electroniks.ru/,-
925,http://spbkvant.ru/,http://spbkvant.ru//
926,https://pharmmedpolis.com/,-
927,http://diakon-ds.ru,-
928,http://zavodagromig.ru/,-
929,http://gradiation.ru,-
930,http://finsystbro.com,-
931,http://agvrobot.ru/,http://agvrobot.ru//#box4
932,http://www.rosteleservice.ru/,-
933,http://teclog.ru/,http://teclog.ru//about
934,https://has.ru/,-
935,http://innovation-tech.ru/npo-atom,-
936,https://www.entexgroup.ru/,-
937,https://b4com.tech/,-
938,https://tako-line.ru/,https://tako-line.ru//company/
939,https://www.soyuz.pro/,https://www.soyuz.pro//#about
940,https://villina.ru/,-
941,https://www.mercury-tex.ru/,https://www.mercury-tex.ru//о-компании
942,https://paket22.ru/,https://paket22.ru//o-kompanii
943,https://mielta.ru/,-
944,https://robo-voice.ru/,https://robo-voice.ru/about/
945,http://www.safib.ru,-
946,https://unisteam.com/,-
947,http://www.ckb-orbita.ru/,-
948,http://laduga.ru,https://laduga.ru/o-nas/o-kompanii/
949,https://mas-service.org,-
950,https://npk-ptm.ru/,https://npk-ptm.ru/about-company/
951,http://agrocel.ru/,-
952,https://original-group.ru/,-
953,https://www.info-pro.ru,-
954,https://radiator42.ru/,-
955,http://www.forc-photonics.ru/,-
956,https://greentek.eco/,https://greentek.eco/o-kompanii/
957,https://tecman.ru/,-
958,https://lorett.org/,-
959,http://rmbit.ru/,-
960,http://www.formoplast-spb.ru/,-
961,http://skytracking.ru/,-
962,https://tetrika-school.ru/,-
963,https://www.silero.ai/,-
964,http://soft-era.ru/,http://soft-era.ru/#section-built-with-love
965,http://innovaplus76.ru,-
966,https://marineinnovation.ru,-
967,https://admon.ai/,-
968,https://geecko.ru/,-
969,http://electronserv.ru/,-
970,http://tutjdut.ru/,-
971,https://www.erlab.ru/,-
972,https://mediatoday.ru/,-
973,https://miks.su/,https://miks.su//#
974,https://www.kcelectro.ru/,-
975,http://ldlab.ru,-
976,http://gelios-geo.com/,http://gelios-geo.com/
977,http://www.normacor.ru/,-
978,http://embedika.ru,-
979,http://prestorus.com/,-
980,https://oil-avtomatika.ru,-
981,http://polimiz-tara.ru/,-
982,http://fotiskaluga.ru,-
983,https://www.realteks.net/,-
984,http://www.kometeh.ru,-
985,http://enameru.com,http://enameru.com/about
986,https://pakka.ru,https://pakka.ru/about/
987,http://www.idm-plus.ru/,http://www.idm-plus.ru//about/
988,https://supercam.aero/,https://supercam.aero//about/
989,https://www.aerokon.su/,-
990,http://alliancehealth.ru/,http://alliancehealth.ru/o-kompanii/
991,https://easyreportbot.com,-
992,https://prom-obogrev.ru/,https://prom-obogrev.ru//company/index.php
993,http://tavridasip.ru/,http://tavridasip.ru//o-kompanii.html
994,http://www.innovation-tech.ru/ooo-stin,-
995,https://smartgeosystems.ru/,-
996,https://aliway.ru/,-
997,http://nwttc.ru/proekty/laboratoriya-gibkoj-elektr,-
998,https://ro-met.com,https://ro-met.com/o-kompanii
999,https://mipmechanic.ru/ ,-
1000,http://www.sib-is.ru/,http://www.sib-is.ru//index.php/about
1001,http://mcode-spb.ru/,-
1002,https://news.myseldon.com/ru/,-
1003,http://mviewer.ru/,-
1004,https://www.almacode.ru,https://www.almacode.ru/компания
1005,http://www.geosplit.ru,http://www.geosplit.ru/about-the-company
1006,https://genoanalytica.ru/,https://genoanalytica.ru//about
1007,https://service-marine.com/,-
1008,http://ipc-pilot.com/,-
1009,http://www.vector.ru/,-
1010,https://dataforce.io/,-
1011,https://www.service.guru/,-
1012,https://encry.ru/,-
1013,https://ecosoft.pro/,-
1014,https://med-market.ru/,https://med-market.ru//#about
1015,https://sandwel.ru/,https://sandwel.ru/o-kompanii/
1016,https://itob.ru,-
1017,https://videocontrol.tb.ru,-
1018,https://amber-soft.ru/,-
1019,https://micord.ru/,https://micord.ru/o-kompanii/
1020,http://neuro.ssoft24.com,-
1021,https://joys.digital,-
1022,https://vr-master.ru/,-
1023,https://sauk.ru,-
1024,http://www.1t.studio/,-
1025,https://braingarden.ai/ru/,-
1026,https://omega-r.com,-
1027,https://inbisyst.ru,https://inbisyst.ru/about
1028,https://flexlab.ru/,-
1029,https://avasystems.ru/,-
1030,http://mestech.ru/,http://mestech.ru//#team
1031,https://sbiznes.ru/,-
1032,http://smarttech76.ru/,-
1033,https://trion-led.ru/,-
1034,http://innovation-tech.ru/splav-arm,-
1035,https://invitrotest.ru/,-
1036,https://technolab24.ru/,-
1037,https://volga-soft.ru/,https://volga-soft.ru//company/index.php
1038,https://smz.giberno.ru/,-
1039,https://xn--80afolmcdcbsu.xn--p1ai/,-
1040,http://ooo-isc.ru/,-
1041,https://incom.tb.ru,-
1042,https://otclick-adv.ru/,-
1043,https://innokassa.ru,-
1044,http://mestech.ru/,http://mestech.ru//#team
1045,https://mgmarms.com/,-
1046,https://агрохим-биотех.рф/,-
1047,http://www.gantrycnc.ru/,http://www.gantrycnc.ru//about.html
1048,http://demo.expertise.digimatics.ru/,-
1049,https://uud.school/,-
1050,http://www.abn-hitech.ru/ru/avia/,-
1051,https://www.stown.ooo,-
1052,https://engchem.ru/,-
1053,https://diora.pro,-
1054,http://bio-v-company.ru/,-
1055,https://imv-ms.com,-
1056,https://medgital.org/,-
1057,https://glav-kb.ru,https://glav-kb.ru/o-kompanii/
1058,https://languagespeakingclubs.ru/,-
1059,https://forteza.ru/,-
1060,https://mindandmachine.ru/,-
1061,http://www.rtsoft.ru/,http://www.rtsoft.ru//javascript:;
1062,https://www.integrant.ru/,-
1063,https://bidzaar.com/,-
1064,http://harlab.ru/,https://harlab.ru/o-magazine/
1065,https://www.imsat.spb.ru,https://imsat.spb.ru/o-kompanii/
1066,https://terebra.ru/,https://terebra.ru//about
1067,https://www.en-telematiks.ru/,https://www.en-telematiks.ru//o_kompanii/
1068,https://svetoforgroup.ru/,https://svetoforgroup.ru//ru/about
1069,http://skbpn.ru,-
1070,https://edpro.ru/,-
1071,https://pampadu.ru/,-
1072,https://konnektu.ai/,-
1073,https://innovaplus.ru,https://innovaplus.ru:443/about/
1074,https://myheat.net/,https://myheat.net//o-kompanii
1075,http://gidromeh.ukit.me,-
1076,https://tech-success.ru,-
1077,https://tpk36.ru/,https://tpk36.ru/about_us
1078,https://iv-armatura.ru/,https://iv-armatura.ru//o-kompanii
1079,https://nppngt.ru/,https://nppngt.ru//o-kompnii
1080,http://www.poz-pak.ru/,http://www.poz-pak.ru//o-kompanii.html
1081,https://qummy.ru/,-
1082,https://работа-здесь.рф,https://работа-здесь.рф/aboutCompany
1083,https://ivolga.tech,-
1084,http://innovation-tech.ru/yars,-
1085,https://tdspeckom.ru/,-
1086,https://www.titabit.com/,-
1087,http://stk-76.ru/,-
1088,https://oskelly.ru/,-
1089,https://onlinepatent.ru,https://onlinepatent.ru/company/
1090,https://zmkeuro.ru/,-
1091,https://tota.systems/ru/,https://tota.systems/ru//ru/about/
1092,https://ипфкраст.рф,-
1093,https://art3d.ru/,-
1094,http://lenkomtech.ru/,http://lenkomtech.ru//o-nas/o-kompanii/index.php
1095,http://nt-centr.ru/,-
1096,http://bashinkom.ru,-
1097,https://okapol.ru/,https://okapol.ru//company/index.php
1098,https://emkostvologda.ru/,https://emkostvologda.ru/about_company/
1099,https://abcrf.ru/,https://abcrf.ru//about.php
1100,https://www.neostk.com/,-
1101,http://www.videosoftdev.com/ru,-
1102,https://eng.eltecom.ru/,https://eng.eltecom.ru//company/index.php
1103,https://movicomelectric.com/,https://movicomelectric.com//company/
1104,https://alzamir.ru/,https://alzamir.ru//o-kompanii/#about
1105,https://www.elma-bpm.ru/,-
1106,https://compvisionsys.com,-
1107,https://flown.pro,-
1108,https://bash.today/,-
1109, https://sibereco.com,-
1110,http://atomhimmash.ru/,-
1111,http://ae-ai.ru,-
1112,https://tech-vision.org/,-
1113,https://aztlcom.ru/,https://aztlcom.ru/o-kompanii
1114,http://poliak-com.ru/,http://poliak-com.ru//about/
1115,https://aurid.ukit.me,-
1116,https://profit-ug.ru/,https://profit-ug.ru//about
1117,https://www.masterklein.ru/,-
1118,https://egoracademy.wixsite.com/novik91,-
1119,https://racurs.ru/,-
1120,http://neuro.ssoft24.com/,-
1121,https://socmedica.com/,https://socmedica.com//about.html
1122,https://coder-ltd.ru/ ,-
1123, http://li-mt.ru,-
1124,https://c6tools.com/,-
1125,https://tis.tatar/,-
1126,https://sendit.ru,-
1127,https://partner.wellchoice.ru,-
1128,https://rdtcenter.com/,https://rdtcenter.com//#company
1129,https://avsw.ru/,https://avsw.ru//about
1130,https://versta.online/,-
1131,https://deledzavod.ru,https://deledzavod.ru/o-kompanii/
1132,http://melfit.ru/,-
1133,http://mobidik45.ru/,http://mobidik45.ru//kompaniya
1134,http://cdpsystem.ru/,-
1135,http://borus124.ru/,http://borus124.ru//company/
1136,https://sfence.ru/,-
1137,https://proledsystem.ru/,https://proledsystem.ru//company/
1138,http://tagco.ru/doc-processing/,-
1139,http://velam-rus.ru/,http://velam-rus.ru//o-kompanii/
1140,https://91.team/,-
1141,http://soft-avtomatik.ru/,http://soft-avtomatik.ru//index.php
1142,https://smelcom.ru/,-
1143,http://skyline-ryb.ukit.me/,-
1144,https://avsw.ru/,https://avsw.ru//about
1145,https://avsw.ru/,https://avsw.ru//about
1146,http://beepitron.com/electric-production/,-
1147,https://sherparpa.ru/,https://sherparpa.ru/o-kompanii/
